default::meshes::268651.obj, 1
default::meshes::283832.obj, 1
default::meshes::255791.obj, 1
default::meshes::248383.obj, 1
default::meshes::270791.obj, 1
default::meshes::266962.0.obj, 1
default::meshes::266962.obj, 1
default::meshes::249540.obj, 1
default::meshes::260062.obj, 1
default::meshes::264182.obj, 1
default::meshes::273048.obj, 1
default::meshes::242124.0.obj, 1
default::meshes::243936.obj, 1
default::meshes::242124.obj, 1
default::meshes::257002.obj, 1
default::meshes::252871.obj, 1
default::meshes::253970.obj, 1
default::meshes::253995.obj, 1
default::meshes::275297.obj, 1
default::meshes::259692.obj, 1
default::meshes::261131.obj, 1
default::meshes::255475.obj, 1
default::meshes::261899.obj, 1
default::meshes::245652.obj, 1
default::meshes::246980.obj, 1
default::meshes::242114.obj, 1
default::meshes::239688.obj, 1
default::meshes::239339.obj, 1
default::meshes::248798.obj, 1
default::meshes::248797.0.obj, 1
default::meshes::248797.obj, 1
default::meshes::231862.obj, 1
default::meshes::232229.obj, 1
default::meshes::285465.obj, 1
default::meshes::290250.0.obj, 1
default::meshes::305750.0.obj, 1
default::meshes::278240.obj, 1
default::meshes::281776.obj, 1
default::meshes::407864.0.obj, 1
default::meshes::394327.0.obj, 1
default::meshes::430912.0.obj, 1
default::meshes::393520.0.obj, 1
default::meshes::400343.0.obj, 1
default::meshes::361050.0.obj, 1
default::meshes::379530.0.obj, 1
default::meshes::343672.0.obj, 1
default::meshes::361868.0.obj, 1
default::meshes::304509.0.obj, 1
default::meshes::331331.0.obj, 1
default::meshes::329195.0.obj, 1
default::meshes::282348.obj, 1
default::meshes::284193.0.obj, 1
default::meshes::284193.obj, 1
default::meshes::275193.obj, 1
default::meshes::275571.obj, 1
default::meshes::275561.obj, 1
default::meshes::274421.obj, 1
default::meshes::279789.obj, 1
default::meshes::283066.obj, 1
default::meshes::281974.obj, 1
default::meshes::293413.0.obj, 1
default::meshes::275893.0.obj, 1
default::meshes::275893.obj, 1
default::meshes::222826.0.obj, 1
default::meshes::222826.obj, 1
default::meshes::230394.obj, 1
default::meshes::228892.obj, 1
default::meshes::227349.obj, 1
default::meshes::223189.obj, 1
default::meshes::216705.obj, 1
default::meshes::217426.0.obj, 1
default::meshes::217426.obj, 1
default::meshes::215581.obj, 1
default::meshes::217825.obj, 1
default::meshes::253839.obj, 1
default::meshes::252746.obj, 1
default::meshes::264081.obj, 1
default::meshes::242027.obj, 1
default::meshes::246205.obj, 1
default::meshes::250181.obj, 1
default::meshes::242025.obj, 1
default::meshes::247240.obj, 1
default::meshes::233424.obj, 1
default::meshes::217441.obj, 1
default::meshes::223206.obj, 1
default::meshes::220622.obj, 1
default::meshes::221738.0.obj, 1
default::meshes::221738.obj, 1
default::meshes::171543.obj, 1
default::meshes::192419.obj, 1
default::meshes::192732.obj, 1
default::meshes::194094.obj, 1
default::meshes::198193.obj, 1
default::meshes::215949.obj, 1
default::meshes::204994.obj, 1
default::meshes::212538.obj, 1
default::meshes::214067.obj, 1
default::meshes::206137.obj, 1
default::meshes::181881.obj, 1
default::meshes::187792.obj, 1
default::meshes::258423.obj, 1
default::meshes::239955.0.obj, 1
default::meshes::239955.obj, 1
default::meshes::349581.0.obj, 1
default::meshes::151808.obj, 1
default::meshes::154683.obj, 1
default::meshes::173655.obj, 1
default::meshes::101908.obj, 1
default::meshes::114570.obj, 1
default::meshes::111106.obj, 1
default::meshes::117218.obj, 1
default::meshes::109782.obj, 1
default::meshes::110759.obj, 1
default::meshes::112145.obj, 1
default::meshes::128090.obj, 1
default::meshes::118265.obj, 1
default::meshes::139491.obj, 1
default::meshes::138041.obj, 1
default::meshes::121494.obj, 1
default::meshes::124885.obj, 1
default::meshes::117576.obj, 1
default::meshes::147439.obj, 1
default::meshes::133667.obj, 1
default::meshes::130748.obj, 1
default::meshes::120691.obj, 1
default::meshes::132922.obj, 1
default::meshes::129528.obj, 1
default::meshes::128430.obj, 1
default::meshes::111093.obj, 1
default::meshes::123364.obj, 1
default::meshes::146706.obj, 1
default::meshes::113907.obj, 1
default::meshes::121054.obj, 1
default::meshes::119942.obj, 1
default::meshes::121046.obj, 1
default::meshes::122238.obj, 1
default::meshes::114879.obj, 1
default::meshes::121850.obj, 1
default::meshes::128785.obj, 1
default::meshes::124511.obj, 1
default::meshes::145626.obj, 1
default::meshes::103532.obj, 1
default::meshes::229136.0.obj, 1
default::meshes::229136.obj, 1
default::meshes::237783.obj, 1
default::meshes::238466.0.obj, 1
default::meshes::238466.obj, 1
default::meshes::237447.obj, 1
default::meshes::237448.obj, 1
default::meshes::238118.obj, 1
default::meshes::167824.obj, 1
default::meshes::162690.obj, 1
default::meshes::146010.obj, 1
default::meshes::177718.obj, 1
default::meshes::148869.obj, 1
default::meshes::161253.obj, 1
default::meshes::167476.obj, 1
default::meshes::167813.obj, 1
default::meshes::163067.obj, 1
default::meshes::113556.obj, 1
default::meshes::135062.obj, 1
default::meshes::113919.obj, 1
default::meshes::112828.obj, 1
default::meshes::149175.obj, 1
default::meshes::131087.obj, 1
default::meshes::119646.obj, 1
default::meshes::128417.obj, 1
default::meshes::127332.obj, 1
default::meshes::129165.obj, 1
default::meshes::121065.obj, 1
default::meshes::135438.obj, 1
default::meshes::121474.obj, 1
default::meshes::120681.obj, 1
default::meshes::122247.obj, 1
default::meshes::114564.obj, 1
default::meshes::116587.obj, 1
default::meshes::118259.obj, 1
default::meshes::129509.obj, 1
default::meshes::97156.obj, 1
default::meshes::133274.obj, 1
default::meshes::259447.obj, 1
default::meshes::252322.0.obj, 1
default::meshes::252322.obj, 1
default::meshes::323211.0.obj, 1
default::meshes::362122.0.obj, 1
default::meshes::317627.0.obj, 1
default::meshes::305127.0.obj, 1
default::meshes::312027.0.obj, 1
default::meshes::302227.0.obj, 1
default::meshes::272492.0.obj, 1
default::meshes::272492.obj, 1
default::meshes::304786.0.obj, 1
default::meshes::195028.obj, 1
default::meshes::207115.obj, 1
default::meshes::106234.obj, 1
default::meshes::107364.obj, 1
default::meshes::107710.obj, 1
default::meshes::108071.obj, 1
default::meshes::108073.obj, 1
default::meshes::108456.obj, 1
default::meshes::108823.obj, 1
default::meshes::94850.obj, 1
default::meshes::84221.obj, 1
default::meshes::91809.obj, 1
default::meshes::92136.obj, 1
default::meshes::93135.obj, 1
default::meshes::94177.obj, 1
default::meshes::70554.obj, 1
default::meshes::55221.obj, 1
default::meshes::88821.obj, 1
default::meshes::405623.0.obj, 1
default::meshes::406322.0.obj, 1
default::meshes::461732.0.obj, 1
default::meshes::425546.0.obj, 1
default::meshes::437151.0.obj, 1
default::meshes::432110.0.obj, 1
default::meshes::179744.obj, 1
default::meshes::179418.obj, 1
default::meshes::174271.obj, 1
default::meshes::180797.obj, 1
default::meshes::180795.obj, 1
default::meshes::236462.0.obj, 1
default::meshes::236462.obj, 1
default::meshes::262932.obj, 1
default::meshes::239977.obj, 1
default::meshes::239983.obj, 1
default::meshes::239986.obj, 1
default::meshes::103652.obj, 1
default::meshes::107060.obj, 1
default::meshes::104285.obj, 1
default::meshes::92899.obj, 1
default::meshes::87821.obj, 1
default::meshes::89570.obj, 1
default::meshes::90936.obj, 1
default::meshes::90246.obj, 1
default::meshes::87074.obj, 1
default::meshes::90244.obj, 1
default::meshes::104601.obj, 1
default::meshes::50931.obj, 1
default::meshes::52937.obj, 1
default::meshes::57375.obj, 1
default::meshes::51724.obj, 1
default::meshes::1176.obj, 1
default::meshes::25426.obj, 1
default::meshes::69202.obj, 1
default::meshes::118765.obj, 1
default::meshes::120884.obj, 1
default::meshes::114079.obj, 1
default::meshes::129712.obj, 1
default::meshes::145421.obj, 1
default::meshes::141787.obj, 1
default::meshes::151912.obj, 1
default::meshes::162873.obj, 1
default::meshes::148294.obj, 1
default::meshes::143594.obj, 1
default::meshes::132741.obj, 1
default::meshes::83248.obj, 1
default::meshes::97026.obj, 1
default::meshes::123615.obj, 1
default::meshes::132761.obj, 1
default::meshes::160777.obj, 1
default::meshes::102156.obj, 1
default::meshes::100106.obj, 1
default::meshes::149722.obj, 1
default::meshes::131053.obj, 1
default::meshes::135779.obj, 1
default::meshes::136838.obj, 1
default::meshes::133611.obj, 1
default::meshes::136832.obj, 1
default::meshes::119222.obj, 1
default::meshes::130668.obj, 1
default::meshes::126219.obj, 1
default::meshes::129854.obj, 1
default::meshes::125882.obj, 1
default::meshes::128753.obj, 1
default::meshes::129147.obj, 1
default::meshes::126212.obj, 1
default::meshes::124066.obj, 1
default::meshes::126564.obj, 1
default::meshes::122200.obj, 1
default::meshes::131759.obj, 1
default::meshes::131409.obj, 1
default::meshes::134324.obj, 1
default::meshes::133974.obj, 1
default::meshes::139803.obj, 1
default::meshes::117180.obj, 1
default::meshes::145219.obj, 1
default::meshes::145576.obj, 1
default::meshes::136823.obj, 1
default::meshes::149486.obj, 1
default::meshes::157085.obj, 1
default::meshes::119201.obj, 1
default::meshes::111416.obj, 1
default::meshes::127263.obj, 1
default::meshes::115158.obj, 1
default::meshes::129477.obj, 1
default::meshes::128733.obj, 1
default::meshes::129480.obj, 1
default::meshes::130658.obj, 1
default::meshes::131386.obj, 1
default::meshes::131033.obj, 1
default::meshes::126911.obj, 1
default::meshes::128333.obj, 1
default::meshes::107539.obj, 1
default::meshes::90719.obj, 1
default::meshes::116153.obj, 1
default::meshes::118147.obj, 1
default::meshes::120551.obj, 1
default::meshes::117131.obj, 1
default::meshes::116794.obj, 1
default::meshes::90351.obj, 1
default::meshes::72685.obj, 1
default::meshes::94031.obj, 1
default::meshes::89313.obj, 1
default::meshes::98691.obj, 1
default::meshes::89650.obj, 1
default::meshes::91360.obj, 1
default::meshes::52589.obj, 1
default::meshes::46982.obj, 1
default::meshes::1703.obj, 1
default::meshes::1693.obj, 1
default::meshes::1688.obj, 1
default::meshes::1673.obj, 1
default::meshes::53347.obj, 1
default::meshes::30514.obj, 1
default::meshes::102883.obj, 1
default::meshes::368007.0.obj, 1
default::meshes::277332.obj, 1
default::meshes::196799.obj, 1
default::meshes::198759.obj, 1
default::meshes::171863.obj, 1
default::meshes::181118.obj, 1
default::meshes::156403.obj, 1
default::meshes::146350.obj, 1
default::meshes::206728.obj, 1
default::meshes::217732.0.obj, 1
default::meshes::217732.obj, 1
default::meshes::262096.0.obj, 1
default::meshes::262096.obj, 1
default::meshes::266837.0.obj, 1
default::meshes::266837.obj, 1
default::meshes::231932.0.obj, 1
default::meshes::231932.obj, 1
default::meshes::239506.obj, 1
default::meshes::204217.obj, 1
default::meshes::181476.obj, 1
default::meshes::192014.obj, 1
default::meshes::192022.obj, 1
default::meshes::196110.obj, 1
default::meshes::184501.obj, 1
default::meshes::23635.obj, 1
default::meshes::1513.obj, 1
default::meshes::49801.obj, 1
default::meshes::21467.obj, 1
default::meshes::1499.obj, 1
default::meshes::1545.obj, 1
default::meshes::86340.obj, 1
default::meshes::81476.obj, 1
default::meshes::81808.obj, 1
default::meshes::55742.obj, 1
default::meshes::54966.obj, 1
default::meshes::42366.obj, 1
default::meshes::51371.obj, 1
default::meshes::46972.obj, 1
default::meshes::45228.obj, 1
default::meshes::53391.obj, 1
default::meshes::66490.obj, 1
default::meshes::74836.obj, 1
default::meshes::64437.obj, 1
default::meshes::60804.obj, 1
default::meshes::63635.obj, 1
default::meshes::127145.obj, 1
default::meshes::112650.obj, 1
default::meshes::111300.obj, 1
default::meshes::107063.obj, 1
default::meshes::121292.obj, 1
default::meshes::142489.obj, 1
default::meshes::147573.obj, 1
default::meshes::91666.obj, 1
default::meshes::98683.obj, 1
default::meshes::97025.obj, 1
default::meshes::98037.obj, 1
default::meshes::115409.obj, 1
default::meshes::124731.obj, 1
default::meshes::154812.obj, 1
default::meshes::126834.obj, 1
default::meshes::90344.obj, 1
default::meshes::92674.obj, 1
default::meshes::95048.obj, 1
default::meshes::92675.obj, 1
default::meshes::94040.obj, 1
default::meshes::97730.obj, 1
default::meshes::97371.obj, 1
default::meshes::97725.obj, 1
default::meshes::120531.obj, 1
default::meshes::124345.obj, 1
default::meshes::41245.obj, 1
default::meshes::40794.obj, 1
default::meshes::32584.obj, 1
default::meshes::41240.obj, 1
default::meshes::47845.obj, 1
default::meshes::34374.obj, 1
default::meshes::50292.obj, 1
default::meshes::49504.obj, 1
default::meshes::38181.obj, 1
default::meshes::38625.obj, 1
default::meshes::60434.obj, 1
default::meshes::38188.obj, 1
default::meshes::51821.obj, 1
default::meshes::68911.obj, 1
default::meshes::24151.obj, 1
default::meshes::57481.obj, 1
default::meshes::50278.obj, 1
default::meshes::58345.obj, 1
default::meshes::50274.obj, 1
default::meshes::53017.obj, 1
default::meshes::42393.obj, 1
default::meshes::41612.obj, 1
default::meshes::39047.obj, 1
default::meshes::42403.obj, 1
default::meshes::30973.obj, 1
default::meshes::18741.obj, 1
default::meshes::23239.obj, 1
default::meshes::28422.obj, 1
default::meshes::26773.obj, 1
default::meshes::26331.obj, 1
default::meshes::28863.obj, 1
default::meshes::35634.obj, 1
default::meshes::32551.obj, 1
default::meshes::37295.obj, 1
default::meshes::25017.obj, 1
default::meshes::66891.obj, 1
default::meshes::68119.obj, 1
default::meshes::2131.obj, 1
default::meshes::192986.obj, 1
default::meshes::236447.obj, 1
default::meshes::241619.obj, 1
default::meshes::242684.0.obj, 1
default::meshes::242684.obj, 1
default::meshes::229963.obj, 1
default::meshes::230651.obj, 1
default::meshes::226570.obj, 1
default::meshes::209013.obj, 1
default::meshes::257255.obj, 1
default::meshes::263283.obj, 1
default::meshes::262150.obj, 1
default::meshes::265810.obj, 1
default::meshes::270372.obj, 1
default::meshes::254945.obj, 1
default::meshes::279793.obj, 1
default::meshes::256873.obj, 1
default::meshes::267915.obj, 1
default::meshes::272915.obj, 1
default::meshes::263291.obj, 1
default::meshes::243782.obj, 1
default::meshes::252003.obj, 1
default::meshes::251203.obj, 1
default::meshes::246175.0.obj, 1
default::meshes::246175.obj, 1
default::meshes::260254.obj, 1
default::meshes::247587.obj, 1
default::meshes::198870.obj, 1
default::meshes::194460.obj, 1
default::meshes::198899.obj, 1
default::meshes::195475.obj, 1
default::meshes::196527.obj, 1
default::meshes::206483.obj, 1
default::meshes::197879.obj, 1
default::meshes::197545.obj, 1
default::meshes::228515.obj, 1
default::meshes::188909.obj, 1
default::meshes::133011.obj, 1
default::meshes::134105.obj, 1
default::meshes::127450.obj, 1
default::meshes::138112.obj, 1
default::meshes::138524.obj, 1
default::meshes::127448.obj, 1
default::meshes::116700.obj, 1
default::meshes::113688.obj, 1
default::meshes::108539.obj, 1
default::meshes::109808.obj, 1
default::meshes::78482.obj, 1
default::meshes::88800.obj, 1
default::meshes::97914.obj, 1
default::meshes::94886.obj, 1
default::meshes::90868.obj, 1
default::meshes::87370.obj, 1
default::meshes::365903.0.obj, 1
default::meshes::349518.0.obj, 1
default::meshes::371064.0.obj, 1
default::meshes::226890.0.obj, 1
default::meshes::226890.obj, 1
default::meshes::262210.0.obj, 1
default::meshes::262210.obj, 1
default::meshes::263398.obj, 1
default::meshes::250982.obj, 1
default::meshes::259989.0.obj, 1
default::meshes::259989.obj, 1
default::meshes::308784.0.obj, 1
default::meshes::324837.0.obj, 1
default::meshes::390158.0.obj, 1
default::meshes::353493.0.obj, 1
default::meshes::379269.0.obj, 1
default::meshes::275023.0.obj, 1
default::meshes::275023.obj, 1
default::meshes::279604.obj, 1
default::meshes::278956.obj, 1
default::meshes::279293.obj, 1
default::meshes::275393.obj, 1
default::meshes::282889.obj, 1
default::meshes::281029.obj, 1
default::meshes::286216.obj, 1
default::meshes::292580.0.obj, 1
default::meshes::356196.0.obj, 1
default::meshes::232881.obj, 1
default::meshes::216869.0.obj, 1
default::meshes::216869.obj, 1
default::meshes::200114.obj, 1
default::meshes::200111.obj, 1
default::meshes::200109.obj, 1
default::meshes::200105.obj, 1
default::meshes::195970.obj, 1
default::meshes::191505.obj, 1
default::meshes::207752.obj, 1
default::meshes::150143.obj, 1
default::meshes::159328.obj, 1
default::meshes::141123.obj, 1
default::meshes::141481.obj, 1
default::meshes::115430.obj, 1
default::meshes::113792.obj, 1
default::meshes::112347.obj, 1
default::meshes::113790.obj, 1
default::meshes::116799.obj, 1
default::meshes::114786.obj, 1
default::meshes::112014.obj, 1
default::meshes::116150.obj, 1
default::meshes::113082.obj, 1
default::meshes::112718.obj, 1
default::meshes::115784.obj, 1
default::meshes::113425.obj, 1
default::meshes::114129.obj, 1
default::meshes::115097.obj, 1
default::meshes::116146.obj, 1
default::meshes::125437.obj, 1
default::meshes::118155.obj, 1
default::meshes::138674.obj, 1
default::meshes::125804.obj, 1
default::meshes::113428.obj, 1
default::meshes::116800.obj, 1
default::meshes::118813.obj, 1
default::meshes::115435.obj, 1
default::meshes::124374.obj, 1
default::meshes::130572.obj, 1
default::meshes::129757.obj, 1
default::meshes::127956.obj, 1
default::meshes::143657.obj, 1
default::meshes::116148.obj, 1
default::meshes::118134.obj, 1
default::meshes::179299.obj, 1
default::meshes::80500.obj, 1
default::meshes::98700.obj, 1
default::meshes::107871.obj, 1
default::meshes::108622.obj, 1
default::meshes::42029.obj, 1
default::meshes::2643.obj, 1
default::meshes::44492.obj, 1
default::meshes::11348.obj, 1
default::meshes::2658.obj, 1
default::meshes::2746.obj, 1
default::meshes::2749.obj, 1
default::meshes::2695.obj, 1
default::meshes::2648.obj, 1
default::meshes::2215.obj, 1
default::meshes::2266.obj, 1
default::meshes::2249.obj, 1
default::meshes::2376.obj, 1
default::meshes::2250.obj, 1
default::meshes::14417.obj, 1
default::meshes::5875.obj, 1
default::meshes::6925.obj, 1
default::meshes::15436.obj, 1
default::meshes::11313.obj, 1
default::meshes::28904.obj, 1
default::meshes::2121.obj, 1
default::meshes::2268.obj, 1
default::meshes::2182.obj, 1
default::meshes::2194.obj, 1
default::meshes::2222.obj, 1
default::meshes::11306.obj, 1
default::meshes::22012.obj, 1
default::meshes::29733.obj, 1
default::meshes::72654.obj, 1
default::meshes::89300.obj, 1
default::meshes::99017.obj, 1
default::meshes::166241.obj, 1
default::meshes::248534.0.obj, 1
default::meshes::255197.0.obj, 1
default::meshes::248534.obj, 1
default::meshes::255197.obj, 1
default::meshes::273548.0.obj, 1
default::meshes::273548.obj, 1
default::meshes::229049.0.obj, 1
default::meshes::229049.obj, 1
default::meshes::275038.0.obj, 1
default::meshes::261192.0.obj, 1
default::meshes::261192.obj, 1
default::meshes::281872.0.obj, 1
default::meshes::281872.obj, 1
default::meshes::453228.0.obj, 1
default::meshes::441423.0.obj, 1
default::meshes::457411.0.obj, 1
default::meshes::444609.0.obj, 1
default::meshes::424743.0.obj, 1
default::meshes::382145.0.obj, 1
default::meshes::303967.0.obj, 1
default::meshes::367882.0.obj, 1
default::meshes::312585.0.obj, 1
default::meshes::285451.0.obj, 1
default::meshes::285451.obj, 1
default::meshes::280674.0.obj, 1
default::meshes::280674.obj, 1
default::meshes::267403.0.obj, 1
default::meshes::267403.obj, 1
default::meshes::254021.0.obj, 1
default::meshes::254021.obj, 1
default::meshes::279239.obj, 1
default::meshes::281011.obj, 1
default::meshes::269118.obj, 1
default::meshes::261513.0.obj, 1
default::meshes::261513.obj, 1
default::meshes::260401.obj, 1
default::meshes::255117.obj, 1
default::meshes::255898.obj, 1
default::meshes::256242.obj, 1
default::meshes::289476.obj, 1
default::meshes::285795.obj, 1
default::meshes::279255.obj, 1
default::meshes::285078.obj, 1
default::meshes::269115.obj, 1
default::meshes::279932.0.obj, 1
default::meshes::279932.obj, 1
default::meshes::319874.0.obj, 1
default::meshes::323060.0.obj, 1
default::meshes::333643.0.obj, 1
default::meshes::413423.0.obj, 1
default::meshes::331759.0.obj, 1
default::meshes::336101.0.obj, 1
default::meshes::383795.0.obj, 1
default::meshes::386643.0.obj, 1
default::meshes::140630.obj, 1
default::meshes::288572.0.obj, 1
default::meshes::288572.obj, 1
default::meshes::351328.0.obj, 1
default::meshes::330637.0.obj, 1
default::meshes::303092.0.obj, 1
default::meshes::311738.0.obj, 1
default::meshes::182476.obj, 1
default::meshes::193355.obj, 1
default::meshes::243181.0.obj, 1
default::meshes::243181.obj, 1
default::meshes::257740.0.obj, 1
default::meshes::257740.obj, 1
default::meshes::283981.obj, 1
default::meshes::284387.obj, 1
default::meshes::284732.obj, 1
default::meshes::281427.obj, 1
default::meshes::281809.obj, 1
default::meshes::281428.obj, 1
default::meshes::286636.obj, 1
default::meshes::281815.obj, 1
default::meshes::283995.0.obj, 1
default::meshes::283995.obj, 1
default::meshes::285118.0.obj, 1
default::meshes::285118.obj, 1
default::meshes::286646.obj, 1
default::meshes::140865.obj, 1
default::meshes::138386.obj, 1
default::meshes::141950.obj, 1
default::meshes::144872.obj, 1
default::meshes::141961.obj, 1
default::meshes::151752.obj, 1
default::meshes::153972.obj, 1
default::meshes::157145.obj, 1
default::meshes::174260.obj, 1
default::meshes::168966.obj, 1
default::meshes::182530.obj, 1
default::meshes::182532.obj, 1
default::meshes::186124.obj, 1
default::meshes::189208.obj, 1
default::meshes::180469.obj, 1
default::meshes::121053.obj, 1
default::meshes::113542.obj, 1
default::meshes::112120.obj, 1
default::meshes::131443.obj, 1
default::meshes::160586.obj, 1
default::meshes::203508.obj, 1
default::meshes::45529.obj, 1
default::meshes::48489.obj, 1
default::meshes::456.obj, 1
default::meshes::3948.obj, 1
default::meshes::429.obj, 1
default::meshes::527.obj, 1
default::meshes::145767.obj, 1
default::meshes::151843.obj, 1
default::meshes::146798.obj, 1
default::meshes::174438.obj, 1
default::meshes::173745.obj, 1
default::meshes::167297.obj, 1
default::meshes::213471.obj, 1
default::meshes::202962.obj, 1
default::meshes::228301.obj, 1
default::meshes::234959.obj, 1
default::meshes::227537.obj, 1
default::meshes::248849.obj, 1
default::meshes::347966.0.obj, 1
default::meshes::461111.0.obj, 1
default::meshes::386431.0.obj, 1
default::meshes::419579.0.obj, 1
default::meshes::462409.0.obj, 1
default::meshes::459217.0.obj, 1
default::meshes::447194.0.obj, 1
default::meshes::183053.obj, 1
default::meshes::185994.obj, 1
default::meshes::196648.obj, 1
default::meshes::217617.0.obj, 1
default::meshes::217617.obj, 1
default::meshes::216512.obj, 1
default::meshes::103116.obj, 1
default::meshes::110972.obj, 1
default::meshes::101797.obj, 1
default::meshes::153447.obj, 1
default::meshes::212709.obj, 1
default::meshes::1694.obj, 1
default::meshes::21549.obj, 1
default::meshes::1945.obj, 1
default::meshes::19750.obj, 1
default::meshes::1965.obj, 1
default::meshes::1954.obj, 1
default::meshes::1940.obj, 1
default::meshes::2014.obj, 1
default::meshes::17356.obj, 1
default::meshes::21548.obj, 1
default::meshes::21983.obj, 1
default::meshes::23250.obj, 1
default::meshes::23708.obj, 1
default::meshes::1185.obj, 1
default::meshes::67325.obj, 1
default::meshes::2005.obj, 1
default::meshes::2235.obj, 1
default::meshes::2158.obj, 1
default::meshes::1942.obj, 1
default::meshes::2023.obj, 1
default::meshes::62254.obj, 1
default::meshes::57311.obj, 1
default::meshes::377390.0.obj, 1
default::meshes::243690.0.obj, 1
default::meshes::243690.obj, 1
default::meshes::242966.0.obj, 1
default::meshes::242966.obj, 1
default::meshes::79743.obj, 1
default::meshes::37389.obj, 1
default::meshes::25106.obj, 1
default::meshes::40822.obj, 1
default::meshes::2533.obj, 1
default::meshes::416004.0.obj, 1
default::meshes::299054.0.obj, 1
default::meshes::284218.0.obj, 1
default::meshes::284218.obj, 1
default::meshes::269687.0.obj, 1
default::meshes::269687.obj, 1
default::meshes::29515.obj, 1
default::meshes::133251.obj, 1
default::meshes::281870.0.obj, 1
default::meshes::281870.obj, 1
default::meshes::364899.0.obj, 1
default::meshes::2665.obj, 1
default::meshes::458995.0.obj, 1
default::meshes::396887.0.obj, 1
default::meshes::455259.0.obj, 1
default::meshes::371313.0.obj, 1
default::meshes::393490.0.obj, 1
default::meshes::361305.0.obj, 1
default::meshes::362090.0.obj, 1
default::meshes::353882.0.obj, 1
default::meshes::280688.0.obj, 1
default::meshes::280688.obj, 1
default::meshes::191796.obj, 1
default::meshes::271630.obj, 1
default::meshes::266056.obj, 1
default::meshes::270234.obj, 1
default::meshes::267454.obj, 1
default::meshes::257899.obj, 1
default::meshes::254431.obj, 1
default::meshes::138275.obj, 1
default::meshes::165863.obj, 1
default::meshes::172092.obj, 1
default::meshes::172438.obj, 1
default::meshes::386462.0.obj, 1
default::meshes::463819.0.obj, 1
default::meshes::459490.0.obj, 1
default::meshes::85352.obj, 1
default::meshes::96173.obj, 1
default::meshes::83078.obj, 1
default::meshes::84213.obj, 1
default::meshes::103206.obj, 1
default::meshes::75782.obj, 1
default::meshes::88030.obj, 1
default::meshes::72803.obj, 1
default::meshes::136889.obj, 1
default::meshes::144174.obj, 1
default::meshes::146043.obj, 1
default::meshes::124512.obj, 1
default::meshes::63910.obj, 1
default::meshes::69915.obj, 1
default::meshes::195540.obj, 1
default::meshes::384245.0.obj, 1
default::meshes::110991.obj, 1
default::meshes::28645.obj, 1
default::meshes::3555.obj, 1
default::meshes::3550.obj, 1
default::meshes::3552.obj, 1
default::meshes::3576.obj, 1
default::meshes::9029.obj, 1
default::meshes::3545.obj, 1
default::meshes::3500.obj, 1
default::meshes::3468.obj, 1
default::meshes::3530.obj, 1
default::meshes::3514.obj, 1
default::meshes::3465.obj, 1
default::meshes::3485.obj, 1
default::meshes::3484.obj, 1
default::meshes::3648.obj, 1
default::meshes::3582.obj, 1
default::meshes::3629.obj, 1
default::meshes::3471.obj, 1
default::meshes::3521.obj, 1
default::meshes::3547.obj, 1
default::meshes::49224.obj, 1
default::meshes::3314.obj, 1
default::meshes::4394.obj, 1
default::meshes::3338.obj, 1
default::meshes::3435.obj, 1
default::meshes::3444.obj, 1
default::meshes::3429.obj, 1
default::meshes::3428.obj, 1
default::meshes::4995.obj, 1
default::meshes::4998.obj, 1
default::meshes::4996.obj, 1
default::meshes::7542.obj, 1
default::meshes::8013.obj, 1
default::meshes::7056.obj, 1
default::meshes::15594.obj, 1
default::meshes::23024.obj, 1
default::meshes::303322.0.obj, 1
default::meshes::305095.0.obj, 1
default::meshes::349157.0.obj, 1
default::meshes::306172.0.obj, 1
default::meshes::304756.0.obj, 1
default::meshes::303349.0.obj, 1
default::meshes::419044.0.obj, 1
default::meshes::421902.0.obj, 1
default::meshes::410977.0.obj, 1
default::meshes::395004.0.obj, 1
default::meshes::442365.0.obj, 1
default::meshes::386562.0.obj, 1
default::meshes::228540.obj, 1
default::meshes::454502.0.obj, 1
default::meshes::399698.0.obj, 1
default::meshes::350394.0.obj, 1
default::meshes::367554.0.obj, 1
default::meshes::278598.0.obj, 1
default::meshes::278598.obj, 1
default::meshes::405958.0.obj, 1
default::meshes::253212.obj, 1
default::meshes::309046.0.obj, 1
default::meshes::177388.obj, 1
default::meshes::248666.0.obj, 1
default::meshes::248666.obj, 1
default::meshes::188854.obj, 1
default::meshes::276696.0.obj, 1
default::meshes::276696.obj, 1
default::meshes::267575.0.obj, 1
default::meshes::267575.obj, 1
default::meshes::198173.obj, 1
default::meshes::268608.0.obj, 1
default::meshes::268608.obj, 1
default::meshes::275525.obj, 1
default::meshes::264723.obj, 1
default::meshes::439350.0.obj, 1
default::meshes::3695.obj, 1
default::meshes::54218.obj, 1
default::meshes::372633.0.obj, 1
default::meshes::363212.0.obj, 1
default::meshes::339327.0.obj, 1
default::meshes::245793.obj, 1
default::meshes::246097.obj, 1
default::meshes::246419.obj, 1
default::meshes::248207.obj, 1
default::meshes::251521.obj, 1
default::meshes::251904.obj, 1
default::meshes::250447.obj, 1
default::meshes::284622.0.obj, 1
default::meshes::284622.obj, 1
default::meshes::257699.obj, 1
default::meshes::251371.0.obj, 1
default::meshes::251371.obj, 1
default::meshes::257795.obj, 1
default::meshes::251017.obj, 1
default::meshes::313745.0.obj, 1
default::meshes::282480.obj, 1
default::meshes::311278.0.obj, 1
default::meshes::344212.0.obj, 1
default::meshes::413438.0.obj, 1
default::meshes::436584.0.obj, 1
default::meshes::238328.obj, 1
default::meshes::237994.obj, 1
default::meshes::238999.obj, 1
default::meshes::292162.0.obj, 1
default::meshes::173107.obj, 1
default::meshes::264921.0.obj, 1
default::meshes::264921.obj, 1
default::meshes::250981.obj, 1
default::meshes::248773.obj, 1
default::meshes::199616.obj, 1
default::meshes::205878.obj, 1
default::meshes::211033.obj, 1
default::meshes::206542.obj, 1
default::meshes::197617.obj, 1
default::meshes::211458.obj, 1
default::meshes::218317.obj, 1
default::meshes::201801.obj, 1
default::meshes::181307.obj, 1
default::meshes::176855.obj, 1
default::meshes::180294.obj, 1
default::meshes::181952.obj, 1
default::meshes::182986.obj, 1
default::meshes::205486.obj, 1
default::meshes::191456.obj, 1
default::meshes::199705.obj, 1
default::meshes::210268.obj, 1
default::meshes::202195.obj, 1
default::meshes::202170.obj, 1
default::meshes::201833.obj, 1
default::meshes::209586.obj, 1
default::meshes::189335.obj, 1
default::meshes::192812.obj, 1
default::meshes::206541.obj, 1
default::meshes::192810.obj, 1
default::meshes::200394.obj, 1
default::meshes::193171.obj, 1
default::meshes::198595.obj, 1
default::meshes::202548.obj, 1
default::meshes::196941.obj, 1
default::meshes::187580.obj, 1
default::meshes::202885.obj, 1
default::meshes::203251.obj, 1
default::meshes::204401.obj, 1
default::meshes::206552.obj, 1
default::meshes::219564.obj, 1
default::meshes::1345.obj, 1
default::meshes::219462.0.obj, 1
default::meshes::219462.obj, 1
default::meshes::100018.obj, 1
default::meshes::231388.obj, 1
default::meshes::385383.0.obj, 1
default::meshes::362799.0.obj, 1
default::meshes::308370.0.obj, 1
default::meshes::290040.0.obj, 1
default::meshes::239913.0.obj, 1
default::meshes::239913.obj, 1
default::meshes::238500.obj, 1
default::meshes::237813.obj, 1
default::meshes::290030.0.obj, 1
default::meshes::353422.0.obj, 1
default::meshes::363000.0.obj, 1
default::meshes::215240.0.obj, 1
default::meshes::255827.0.obj, 1
default::meshes::255827.obj, 1
default::meshes::190637.obj, 1
default::meshes::177913.obj, 1
default::meshes::159113.obj, 1
default::meshes::36297.obj, 4
default::meshes::5.obj, 4
default::meshes::4.obj, 4
default::meshes::20471.obj, 4
default::meshes::2.obj, 4
default::meshes::12426.obj, 4
default::meshes::11033.obj, 4
default::meshes::18103.obj, 4
default::meshes::34161.obj, 4
default::meshes::26157.obj, 4
default::meshes::27411.obj, 4
default::meshes::24834.obj, 4
default::meshes::32389.obj, 4
default::meshes::57244.obj, 4
default::meshes::135779.obj, 1
default::meshes::136838.obj, 1
default::meshes::131053.obj, 1
default::meshes::133611.obj, 1
default::meshes::136832.obj, 1
default::meshes::145219.obj, 1
default::meshes::145576.obj, 1
default::meshes::119222.obj, 1
default::meshes::130668.obj, 1
default::meshes::126219.obj, 1
default::meshes::125882.obj, 1
default::meshes::129854.obj, 1
default::meshes::122200.obj, 1
default::meshes::136823.obj, 1
default::meshes::128753.obj, 1
default::meshes::129147.obj, 1
default::meshes::126212.obj, 1
default::meshes::124066.obj, 1
default::meshes::149486.obj, 1
default::meshes::126564.obj, 1
default::meshes::134324.obj, 1
default::meshes::131409.obj, 1
default::meshes::133974.obj, 1
default::meshes::139803.obj, 1
default::meshes::191796.obj, 3
default::meshes::188909.obj, 1
default::meshes::198899.obj, 1
default::meshes::197545.obj, 1
default::meshes::194460.obj, 1
default::meshes::228515.obj, 1
default::meshes::195475.obj, 1
default::meshes::3452.obj, 4
default::meshes::262669.0.obj, 4
default::meshes::31546.obj, 4
default::meshes::676.obj, 2
default::meshes::327059.0.obj, 4
default::meshes::320687.0.obj, 4
default::meshes::122973.obj, 4
default::meshes::122973.obj, 4
default::meshes::122973.obj, 4
default::meshes::122973.obj, 4
default::meshes::447844.0.obj, 4
default::meshes::447844.0.obj, 4
default::meshes::447844.0.obj, 4
default::meshes::447844.0.obj, 4
default::meshes::447844.0.obj, 4
default::meshes::449636.0.obj, 4
default::meshes::449636.0.obj, 4
default::meshes::449636.0.obj, 4
default::meshes::449636.0.obj, 4
default::meshes::449636.0.obj, 4
default::meshes::449636.0.obj, 4
default::meshes::449636.0.obj, 4
default::meshes::449636.0.obj, 4
default::meshes::453069.0.obj, 1
default::meshes::453069.0.obj, 1
default::meshes::453069.0.obj, 1
default::meshes::453069.0.obj, 1
default::meshes::453069.0.obj, 1
default::meshes::447844.0.obj, 4
default::meshes::447844.0.obj, 4
default::meshes::447844.0.obj, 4
default::meshes::447844.0.obj, 4
default::meshes::447844.0.obj, 4
default::meshes::447844.0.obj, 4
default::meshes::447844.0.obj, 4
default::meshes::447844.0.obj, 4
default::meshes::447844.0.obj, 4
default::meshes::447844.0.obj, 4
default::meshes::447844.0.obj, 4
default::meshes::447844.0.obj, 4
default::meshes::447844.0.obj, 4
default::meshes::447844.0.obj, 4
default::meshes::444125.0.obj, 4
default::meshes::444125.0.obj, 4
default::meshes::449636.0.obj, 4
default::meshes::444125.0.obj, 4
default::meshes::444125.0.obj, 4
default::meshes::43713.obj, 4
default::meshes::43713.obj, 4
default::meshes::43713.obj, 4
default::meshes::43713.obj, 4
default::meshes::43713.obj, 4
default::meshes::43713.obj, 4
default::meshes::43713.obj, 4
default::meshes::228763.obj, 4
default::meshes::228763.obj, 4
default::meshes::261674.obj, 4
default::meshes::128787.obj, 4
default::meshes::400312.0.obj, 4
default::meshes::395367.0.obj, 4
default::meshes::391879.0.obj, 4
default::meshes::393858.0.obj, 4
default::meshes::391500.0.obj, 4
default::meshes::386141.0.obj, 4
default::meshes::386876.0.obj, 4
default::meshes::384634.0.obj, 4
default::meshes::375213.0.obj, 4
default::meshes::81977.obj, 4
default::meshes::67488.obj, 4
default::meshes::96458.obj, 4
default::meshes::69035.obj, 4
default::meshes::3507.obj, 4
default::meshes::3466.obj, 4
default::meshes::3411.obj, 4
default::meshes::3408.obj, 4
default::meshes::9503.obj, 4
default::meshes::3327.obj, 4
default::meshes::3381.obj, 4
default::meshes::3345.obj, 4
default::meshes::3303.obj, 4
default::meshes::3439.obj, 4
default::meshes::3487.obj, 4
default::meshes::3340.obj, 4
default::meshes::3420.obj, 4
default::meshes::3378.obj, 4
default::meshes::3336.obj, 4
default::meshes::3297.obj, 4
default::meshes::3348.obj, 4
default::meshes::3037.obj, 4
default::meshes::3021.obj, 4
default::meshes::3045.obj, 4
default::meshes::2880.obj, 4
default::meshes::2833.obj, 4
default::meshes::2734.obj, 4
default::meshes::312194.0.obj, 4
default::meshes::441772.0.obj, 2
default::meshes::437456.0.obj, 2
default::meshes::432377.0.obj, 2
default::meshes::417354.0.obj, 2
default::meshes::436585.0.obj, 2
default::meshes::391453.0.obj, 2
default::meshes::425826.0.obj, 2
default::meshes::418566.0.obj, 2
default::meshes::433655.0.obj, 2
default::meshes::427458.0.obj, 2
default::meshes::426624.0.obj, 2
default::meshes::434500.0.obj, 4
default::meshes::417348.0.obj, 4
default::meshes::455254.0.obj, 2
default::meshes::443177.0.obj, 2
default::meshes::437455.0.obj, 2
default::meshes::457356.0.obj, 2
default::meshes::442260.0.obj, 2
default::meshes::424739.0.obj, 2
default::meshes::430748.0.obj, 2
default::meshes::418233.0.obj, 4
default::meshes::407735.0.obj, 2
default::meshes::392674.0.obj, 2
default::meshes::406922.0.obj, 2
default::meshes::396110.0.obj, 4
default::meshes::412375.0.obj, 2
default::meshes::410550.0.obj, 2
default::meshes::383244.0.obj, 4
default::meshes::383929.0.obj, 4
default::meshes::417008.0.obj, 4
default::meshes::427048.0.obj, 2
default::meshes::421874.0.obj, 2
default::meshes::415808.0.obj, 2
default::meshes::405229.0.obj, 2
default::meshes::393473.0.obj, 4
default::meshes::399896.0.obj, 3
default::meshes::414290.0.obj, 3
default::meshes::437042.0.obj, 3
default::meshes::423879.0.obj, 4
default::meshes::435688.0.obj, 4
default::meshes::428663.0.obj, 2
default::meshes::430353.0.obj, 2
default::meshes::431555.0.obj, 2
default::meshes::425816.0.obj, 2
default::meshes::427022.0.obj, 2
default::meshes::417752.0.obj, 2
default::meshes::425043.0.obj, 2
default::meshes::419740.0.obj, 2
default::meshes::446928.0.obj, 2
default::meshes::440028.0.obj, 2
default::meshes::440024.0.obj, 2
default::meshes::442706.0.obj, 4
default::meshes::430373.0.obj, 2
default::meshes::427844.0.obj, 2
default::meshes::431611.0.obj, 2
default::meshes::433254.0.obj, 2
default::meshes::438758.0.obj, 2
default::meshes::421456.0.obj, 2
default::meshes::415816.0.obj, 2
default::meshes::412372.0.obj, 4
default::meshes::408880.0.obj, 2
default::meshes::405170.0.obj, 2
default::meshes::335806.0.obj, 4
default::meshes::410476.0.obj, 2
default::meshes::425758.0.obj, 2
default::meshes::406530.0.obj, 2
default::meshes::399048.0.obj, 2
default::meshes::425774.0.obj, 2
default::meshes::459916.0.obj, 2
default::meshes::431952.0.obj, 2
default::meshes::439111.0.obj, 2
default::meshes::349346.0.obj, 1
default::meshes::352455.0.obj, 1
default::meshes::239197.obj, 2
default::meshes::239197.0.obj, 2
default::meshes::184774.obj, 2
default::meshes::259190.0.obj, 3
default::meshes::259190.obj, 3
default::meshes::188442.obj, 3
default::meshes::185162.obj, 2
default::meshes::127667.obj, 2
default::meshes::179825.obj, 2
default::meshes::164530.obj, 2
default::meshes::140933.obj, 2
default::meshes::114223.obj, 2
default::meshes::28249.obj, 4
default::meshes::47241.obj, 2
default::meshes::320.obj, 2
default::meshes::416.obj, 2
default::meshes::272156.0.obj, 2
default::meshes::272156.obj, 2
default::meshes::68712.obj, 4
default::meshes::372.obj, 3
default::meshes::320775.0.obj, 4
default::meshes::282360.obj, 1
default::meshes::282360.0.obj, 1
default::meshes::167884.obj, 1
default::meshes::37646.obj, 4
default::meshes::598.obj, 2
default::meshes::309721.0.obj, 2
default::meshes::103299.obj, 1
default::meshes::169059.obj, 1
default::meshes::29581.obj, 4
default::meshes::576.obj, 4
default::meshes::113605.obj, 1
default::meshes::769.obj, 1
default::meshes::534.obj, 1
default::meshes::591.obj, 1
default::meshes::137716.obj, 1
default::meshes::128475.obj, 1
default::meshes::132946.obj, 1
default::meshes::437.obj, 1
default::meshes::102635.obj, 1
default::meshes::871.obj, 1
default::meshes::824.obj, 1
default::meshes::589.obj, 1
default::meshes::41045.obj, 1
default::meshes::81317.obj, 1
default::meshes::91790.obj, 1
default::meshes::264.obj, 1
default::meshes::274.obj, 1
default::meshes::14715.obj, 1
default::meshes::314.obj, 1
default::meshes::33710.obj, 1
default::meshes::48851.obj, 1
default::meshes::94528.obj, 1
default::meshes::73942.obj, 1
default::meshes::74675.obj, 1
default::meshes::83101.obj, 3
default::meshes::50055.obj, 1
default::meshes::168710.obj, 1
default::meshes::169458.obj, 1
default::meshes::171618.obj, 1
default::meshes::173725.obj, 1
default::meshes::198925.obj, 1
default::meshes::185913.obj, 1
default::meshes::171992.obj, 1
default::meshes::172342.obj, 1
default::meshes::170146.obj, 1
default::meshes::176146.obj, 1
default::meshes::175487.obj, 1
default::meshes::175795.obj, 1
default::meshes::173041.obj, 1
default::meshes::175121.obj, 1
default::meshes::182958.obj, 1
default::meshes::177820.obj, 1
default::meshes::432502.0.obj, 1
default::meshes::455373.0.obj, 1
default::meshes::419873.0.obj, 1
default::meshes::413635.0.obj, 1
default::meshes::445706.0.obj, 1
default::meshes::440170.0.obj, 1
default::meshes::441513.0.obj, 1
default::meshes::378501.0.obj, 1
default::meshes::425989.0.obj, 1
default::meshes::358974.0.obj, 1
default::meshes::388134.0.obj, 1
default::meshes::419883.0.obj, 1
default::meshes::382242.0.obj, 1
default::meshes::453789.0.obj, 1
default::meshes::443795.0.obj, 1
default::meshes::326463.0.obj, 1
default::meshes::326464.0.obj, 1
default::meshes::340727.0.obj, 1
default::meshes::357967.0.obj, 1
default::meshes::390417.0.obj, 1
default::meshes::395881.0.obj, 1
default::meshes::376612.0.obj, 1
default::meshes::320740.0.obj, 1
default::meshes::376031.0.obj, 1
default::meshes::388198.0.obj, 1
default::meshes::438974.0.obj, 1
default::meshes::424884.0.obj, 1
default::meshes::287796.0.obj, 4
default::meshes::287796.obj, 4
default::meshes::206020.obj, 4
default::meshes::100689.obj, 4
default::meshes::264494.obj, 4
default::meshes::1609.obj, 4
default::meshes::1706.obj, 4
default::meshes::1769.obj, 4
default::meshes::1737.obj, 4
default::meshes::381326.0.obj, 1
default::meshes::439518.0.obj, 1
default::meshes::439966.0.obj, 3
default::meshes::397994.0.obj, 1
default::meshes::372261.0.obj, 1
default::meshes::399487.0.obj, 1
default::meshes::373193.0.obj, 1
default::meshes::1016.obj, 4
default::meshes::10639.obj, 4
default::meshes::6730.obj, 4
default::meshes::66.obj, 2
default::meshes::972.obj, 2
default::meshes::1071.obj, 2
default::meshes::1113.obj, 4
default::meshes::1411.obj, 1
default::meshes::1514.obj, 1
default::meshes::1360.obj, 4
default::meshes::1014.obj, 4
default::meshes::1328.obj, 1
default::meshes::1120.obj, 1
default::meshes::923.obj, 2
default::meshes::7717.obj, 2
default::meshes::979.obj, 4
default::meshes::942.obj, 2
default::meshes::9200.obj, 2
default::meshes::10706.obj, 2
default::meshes::1256.obj, 1
default::meshes::15807.obj, 2
default::meshes::492.obj, 2
default::meshes::10598.obj, 4
default::meshes::1027.obj, 1
default::meshes::1167.obj, 1
default::meshes::1452.obj, 1
default::meshes::1595.obj, 1
default::meshes::1628.obj, 1
default::meshes::1568.obj, 1
default::meshes::1534.obj, 1
default::meshes::1444.obj, 1
default::meshes::1250.obj, 1
default::meshes::9737.obj, 2
default::meshes::1172.obj, 2
default::meshes::24128.obj, 2
default::meshes::13860.obj, 2
default::meshes::28.obj, 2
default::meshes::8195.obj, 4
default::meshes::19050.obj, 4
default::meshes::17160.obj, 4
default::meshes::28722.obj, 2
default::meshes::26637.obj, 2
default::meshes::24020.obj, 2
default::meshes::15754.obj, 1
default::meshes::891.obj, 1
default::meshes::7187.obj, 2
default::meshes::558.obj, 2
default::meshes::544.obj, 1
default::meshes::692.obj, 1
default::meshes::453.obj, 1
default::meshes::27.obj, 1
default::meshes::49236.obj, 1
default::meshes::283739.obj, 1
default::meshes::316161.0.obj, 1
default::meshes::287457.obj, 1
default::meshes::283739.0.obj, 1
default::meshes::288165.obj, 1
default::meshes::288165.0.obj, 1
default::meshes::253414.0.obj, 1
default::meshes::253414.obj, 1
default::meshes::252679.obj, 1
default::meshes::244805.obj, 1
default::meshes::242693.obj, 1
default::meshes::220919.0.obj, 1
default::meshes::220919.obj, 1
default::meshes::219793.obj, 1
default::meshes::212474.obj, 1
default::meshes::212472.obj, 1
default::meshes::212089.obj, 1
default::meshes::210878.obj, 1
default::meshes::208277.obj, 1
default::meshes::208276.obj, 1
default::meshes::207903.obj, 1
default::meshes::193412.obj, 1
default::meshes::192702.obj, 1
default::meshes::190267.obj, 1
default::meshes::190262.obj, 1
default::meshes::186824.obj, 1
default::meshes::177098.obj, 1
default::meshes::175045.obj, 1
default::meshes::174325.obj, 1
default::meshes::172269.obj, 1
default::meshes::133009.obj, 1
default::meshes::358.obj, 2
default::meshes::59399.obj, 2
default::meshes::55622.obj, 2
default::meshes::75060.obj, 2
default::meshes::86206.obj, 2
default::meshes::167539.obj, 2
default::meshes::209450.obj, 2
default::meshes::245224.0.obj, 2
default::meshes::245224.obj, 2
default::meshes::257710.0.obj, 2
default::meshes::257710.obj, 2
default::meshes::180238.obj, 2
default::meshes::350273.0.obj, 1
default::meshes::363233.0.obj, 1
default::meshes::333.obj, 2
default::meshes::389265.0.obj, 2
default::meshes::441107.0.obj, 2
default::meshes::305851.0.obj, 2
default::meshes::334883.0.obj, 2
default::meshes::302625.0.obj, 1
default::meshes::303704.0.obj, 4
default::meshes::403495.0.obj, 1
default::meshes::374637.0.obj, 1
default::meshes::211227.obj, 1
default::meshes::214705.0.obj, 1
default::meshes::214705.obj, 1
default::meshes::275248.0.obj, 1
default::meshes::275248.obj, 1
default::meshes::282391.obj, 1
default::meshes::281646.obj, 1
default::meshes::283440.obj, 1
default::meshes::285298.obj, 1
default::meshes::285298.0.obj, 1
default::meshes::186126.obj, 1
default::meshes::205664.obj, 4
default::meshes::202721.obj, 4
default::meshes::199134.obj, 2
default::meshes::222324.0.obj, 2
default::meshes::222324.obj, 2
default::meshes::200946.obj, 2
default::meshes::195749.obj, 2
default::meshes::214325.obj, 2
default::meshes::198431.obj, 2
default::meshes::190547.obj, 2
default::meshes::189166.obj, 2
default::meshes::194696.obj, 2
default::meshes::201308.obj, 2
default::meshes::223898.0.obj, 2
default::meshes::227262.obj, 2
default::meshes::227262.0.obj, 2
default::meshes::223898.obj, 2
default::meshes::210120.obj, 4
default::meshes::200600.obj, 4
default::meshes::197139.obj, 4
default::meshes::194360.obj, 4
default::meshes::194372.obj, 4
default::meshes::214733.obj, 4
default::meshes::214733.0.obj, 4
default::meshes::225826.0.obj, 2
default::meshes::225826.obj, 2
default::meshes::213590.obj, 2
default::meshes::243386.0.obj, 1
default::meshes::254897.obj, 1
default::meshes::243386.obj, 1
default::meshes::254897.0.obj, 1
default::meshes::210513.obj, 1
default::meshes::212443.obj, 1
default::meshes::174629.obj, 3
default::meshes::168929.obj, 4
default::meshes::161280.obj, 2
default::meshes::139826.obj, 2
default::meshes::147785.obj, 1
default::meshes::162727.obj, 1
default::meshes::207919.obj, 1
default::meshes::127314.obj, 2
default::meshes::157544.obj, 2
default::meshes::167517.obj, 2
default::meshes::132929.obj, 1
default::meshes::167184.obj, 1
default::meshes::122259.obj, 1
default::meshes::117934.obj, 1
default::meshes::156448.obj, 1
default::meshes::133690.obj, 1
default::meshes::121548.obj, 1
default::meshes::109529.obj, 1
default::meshes::112915.obj, 1
default::meshes::104503.obj, 2
default::meshes::327.obj, 2
default::meshes::393.obj, 4
default::meshes::328.obj, 4
default::meshes::158750.obj, 1
default::meshes::140214.obj, 1
default::meshes::153599.obj, 1
default::meshes::130277.obj, 3
default::meshes::180782.obj, 4
default::meshes::199172.obj, 1
default::meshes::249798.0.obj, 1
default::meshes::249798.obj, 1
default::meshes::218222.0.obj, 1
default::meshes::218222.obj, 1
default::meshes::207934.obj, 1
default::meshes::221719.0.obj, 1
default::meshes::128920.obj, 1
default::meshes::252064.0.obj, 1
default::meshes::303098.0.obj, 1
default::meshes::221719.obj, 1
default::meshes::1680.obj, 4
default::meshes::1685.obj, 4
default::meshes::35149.obj, 4
default::meshes::1454.obj, 4
default::meshes::90248.obj, 2
default::meshes::100242.obj, 2
default::meshes::101898.obj, 2
default::meshes::94540.obj, 2
default::meshes::83847.obj, 2
default::meshes::88785.obj, 2
default::meshes::85829.obj, 2
default::meshes::79917.obj, 2
default::meshes::79286.obj, 2
default::meshes::304055.0.obj, 1
default::meshes::231278.obj, 1
default::meshes::231278.0.obj, 1
default::meshes::371067.0.obj, 1
default::meshes::94511.obj, 4
default::meshes::152479.obj, 1
default::meshes::224657.0.obj, 1
default::meshes::224657.obj, 1
default::meshes::210812.obj, 1
default::meshes::275120.obj, 1
default::meshes::171095.obj, 1
default::meshes::343956.0.obj, 1
default::meshes::82709.obj, 1
default::meshes::286729.obj, 1
default::meshes::285199.obj, 1
default::meshes::394669.0.obj, 1
default::meshes::257601.obj, 1
default::meshes::257601.0.obj, 1
default::meshes::288868.obj, 1
default::meshes::288868.0.obj, 1
default::meshes::339690.0.obj, 1
default::meshes::404916.0.obj, 2
default::meshes::6.obj, 2
default::meshes::40119.obj, 4
default::meshes::9.obj, 2
default::meshes::342865.0.obj, 2
default::meshes::72820.obj, 2
default::meshes::380455.0.obj, 2
default::meshes::238449.obj, 1
default::meshes::238449.0.obj, 1
default::meshes::14670.obj, 2
default::meshes::338660.0.obj, 2
default::meshes::37565.obj, 2
default::meshes::249349.obj, 2
default::meshes::249349.0.obj, 2
default::meshes::273986.obj, 2
default::meshes::286731.0.obj, 2
default::meshes::286731.obj, 2
default::meshes::373605.0.obj, 2
default::meshes::268891.obj, 1
default::meshes::338288.0.obj, 1
default::meshes::442888.0.obj, 1
default::meshes::326467.0.obj, 4
default::meshes::285936.0.obj, 4
default::meshes::285936.obj, 4
default::meshes::332720.0.obj, 4
default::meshes::319651.0.obj, 4
default::meshes::357699.0.obj, 1
default::meshes::313459.0.obj, 1
default::meshes::296543.0.obj, 1
default::meshes::262896.obj, 1
default::meshes::262896.0.obj, 1
default::meshes::266206.obj, 1
default::meshes::266206.0.obj, 1
default::meshes::248680.0.obj, 1
default::meshes::248680.obj, 1
default::meshes::274474.0.obj, 1
default::meshes::274474.obj, 1
default::meshes::279832.obj, 1
default::meshes::252009.obj, 1
default::meshes::294833.0.obj, 1
default::meshes::300508.0.obj, 1
default::meshes::258090.obj, 1
default::meshes::243114.obj, 1
default::meshes::524.obj, 1
default::meshes::425.obj, 1
default::meshes::243114.0.obj, 1
default::meshes::231381.0.obj, 1
default::meshes::231381.obj, 1
default::meshes::228185.0.obj, 1
default::meshes::228185.obj, 1
default::meshes::221397.obj, 1
default::meshes::221397.0.obj, 1
default::meshes::215256.0.obj, 1
default::meshes::215256.obj, 1
default::meshes::364850.0.obj, 1
default::meshes::242646.0.obj, 3
default::meshes::217841.0.obj, 3
default::meshes::242646.obj, 3
default::meshes::309355.0.obj, 1
default::meshes::10.obj, 4
default::meshes::267505.obj, 1
default::meshes::189499.obj, 1
default::meshes::223895.0.obj, 1
default::meshes::223895.obj, 1
default::meshes::381163.0.obj, 2
default::meshes::16.obj, 2
default::meshes::290341.0.obj, 2
default::meshes::22648.obj, 2
default::meshes::197764.obj, 1
default::meshes::140858.obj, 1
default::meshes::142052.obj, 1
default::meshes::151446.obj, 1
default::meshes::160885.obj, 1
default::meshes::168975.obj, 1
default::meshes::240557.0.obj, 1
default::meshes::240557.obj, 1
default::meshes::256048.0.obj, 1
default::meshes::256048.obj, 1
default::meshes::388897.0.obj, 1
default::meshes::431289.0.obj, 1
default::meshes::456935.0.obj, 1
default::meshes::446626.0.obj, 1
default::meshes::428409.0.obj, 1
default::meshes::400742.0.obj, 1
default::meshes::433339.0.obj, 1
default::meshes::440579.0.obj, 1
default::meshes::450219.0.obj, 1
default::meshes::117198.obj, 4
default::meshes::110733.obj, 4
default::meshes::110064.obj, 4
default::meshes::117553.obj, 4
default::meshes::285204.0.obj, 2
default::meshes::285204.obj, 2
default::meshes::112809.obj, 2
default::meshes::153576.obj, 4
default::meshes::145984.obj, 4
default::meshes::163054.obj, 4
default::meshes::171096.obj, 4
default::meshes::80939.obj, 2
default::meshes::157865.obj, 2
default::meshes::99845.obj, 2
default::meshes::201304.obj, 2
default::meshes::100224.obj, 4
default::meshes::71677.obj, 1
default::meshes::86163.obj, 1
default::meshes::294748.0.obj, 3
default::meshes::201270.obj, 4
default::meshes::363226.0.obj, 2
default::meshes::31978.obj, 2
default::meshes::222348.0.obj, 4
default::meshes::222348.obj, 4
default::meshes::267858.obj, 4
default::meshes::224674.obj, 4
default::meshes::224674.0.obj, 4
default::meshes::196092.obj, 4
default::meshes::175.obj, 4
default::meshes::75.obj, 4
default::meshes::54005.obj, 1
default::meshes::124113.obj, 1
default::meshes::64644.obj, 1
default::meshes::141.obj, 4
default::meshes::360983.0.obj, 1
default::meshes::378503.0.obj, 1
default::meshes::426351.0.obj, 1
default::meshes::437554.0.obj, 1
default::meshes::424443.0.obj, 1
default::meshes::441876.0.obj, 1
default::meshes::404404.0.obj, 1
default::meshes::444264.0.obj, 1
default::meshes::287173.0.obj, 4
default::meshes::287173.obj, 4
default::meshes::451523.0.obj, 2
default::meshes::455638.0.obj, 2
default::meshes::285351.0.obj, 2
default::meshes::447783.0.obj, 2
default::meshes::451015.0.obj, 2
default::meshes::454124.0.obj, 2
default::meshes::453602.0.obj, 2
default::meshes::453020.0.obj, 2
default::meshes::452496.0.obj, 2
default::meshes::416968.0.obj, 2
default::meshes::421028.0.obj, 2
default::meshes::453008.0.obj, 2
default::meshes::441712.0.obj, 2
default::meshes::417340.0.obj, 2
default::meshes::413092.0.obj, 2
default::meshes::415785.0.obj, 2
default::meshes::443591.0.obj, 2
default::meshes::454575.0.obj, 2
default::meshes::402579.0.obj, 4
default::meshes::401776.0.obj, 2
default::meshes::394972.0.obj, 2
default::meshes::412016.0.obj, 4
default::meshes::306860.0.obj, 1
default::meshes::364917.0.obj, 1
default::meshes::418617.0.obj, 1
default::meshes::415123.0.obj, 1
default::meshes::427500.0.obj, 1
default::meshes::419435.0.obj, 1
default::meshes::447472.0.obj, 1
default::meshes::427521.0.obj, 1
default::meshes::424402.0.obj, 1
default::meshes::417040.0.obj, 1
default::meshes::428771.0.obj, 1
default::meshes::416248.0.obj, 1
default::meshes::415037.0.obj, 1
default::meshes::405163.0.obj, 1
default::meshes::382579.0.obj, 1
default::meshes::274220.0.obj, 1
default::meshes::274220.obj, 1
default::meshes::252233.0.obj, 1
default::meshes::252233.obj, 1
default::meshes::285040.obj, 1
default::meshes::285040.0.obj, 1
default::meshes::296652.0.obj, 4
default::meshes::433226.0.obj, 2
default::meshes::2112.obj, 2
default::meshes::84805.obj, 4
default::meshes::238889.obj, 1
default::meshes::238888.obj, 1
default::meshes::222854.obj, 1
default::meshes::222854.0.obj, 1
default::meshes::313703.0.obj, 1
default::meshes::312647.0.obj, 1
default::meshes::324662.0.obj, 1
default::meshes::321038.0.obj, 1
default::meshes::186695.obj, 1
default::meshes::174563.obj, 1
default::meshes::401865.0.obj, 1
default::meshes::434522.0.obj, 1
default::meshes::398756.0.obj, 1
default::meshes::390671.0.obj, 1
default::meshes::393044.0.obj, 1
default::meshes::423908.0.obj, 1
default::meshes::444188.0.obj, 1
default::meshes::386522.0.obj, 4
default::meshes::362851.0.obj, 3
default::meshes::328287.0.obj, 1
default::meshes::353238.0.obj, 1
default::meshes::350459.0.obj, 1
default::meshes::378142.0.obj, 1
default::meshes::411377.0.obj, 1
default::meshes::385777.0.obj, 1
default::meshes::435794.0.obj, 1
default::meshes::454781.0.obj, 1
default::meshes::252837.0.obj, 3
default::meshes::252837.obj, 3
default::meshes::295699.0.obj, 4
default::meshes::359239.0.obj, 4
default::meshes::348002.0.obj, 2
default::meshes::369680.0.obj, 2
default::meshes::339974.0.obj, 4
default::meshes::342795.0.obj, 4
default::meshes::327119.0.obj, 2
default::meshes::333352.0.obj, 2
default::meshes::322765.0.obj, 2
default::meshes::338241.0.obj, 2
default::meshes::353900.0.obj, 4
default::meshes::347278.0.obj, 4
default::meshes::396533.0.obj, 1
default::meshes::258320.0.obj, 1
default::meshes::393838.0.obj, 1
default::meshes::401444.0.obj, 1
default::meshes::372274.0.obj, 1
default::meshes::326765.0.obj, 1
default::meshes::396122.0.obj, 1
default::meshes::431187.0.obj, 1
default::meshes::393049.0.obj, 1
default::meshes::437484.0.obj, 1
default::meshes::301682.0.obj, 3
default::meshes::374221.0.obj, 3
default::meshes::386158.0.obj, 1
default::meshes::386498.0.obj, 4
default::meshes::394997.0.obj, 4
default::meshes::379092.0.obj, 4
default::meshes::387358.0.obj, 4
default::meshes::351847.0.obj, 1
default::meshes::319212.0.obj, 1
default::meshes::371002.0.obj, 1
default::meshes::360567.0.obj, 1
default::meshes::362047.0.obj, 1
default::meshes::360571.0.obj, 1
default::meshes::371303.0.obj, 1
default::meshes::328199.0.obj, 3
default::meshes::336780.0.obj, 1
default::meshes::334722.0.obj, 1
default::meshes::335785.0.obj, 1
default::meshes::318209.0.obj, 1
default::meshes::324912.0.obj, 1
default::meshes::272721.0.obj, 1
default::meshes::272721.obj, 1
default::meshes::306898.0.obj, 1
default::meshes::347016.0.obj, 1
default::meshes::279365.0.obj, 1
default::meshes::279365.obj, 1
default::meshes::282309.obj, 1
default::meshes::282309.0.obj, 1
default::meshes::223907.obj, 1
default::meshes::223907.0.obj, 1
default::meshes::336240.0.obj, 1
default::meshes::365274.0.obj, 1
default::meshes::345477.0.obj, 1
default::meshes::385461.0.obj, 1
default::meshes::383319.0.obj, 1
default::meshes::399999.0.obj, 1
default::meshes::425997.0.obj, 1
default::meshes::441951.0.obj, 1
default::meshes::415550.0.obj, 1
default::meshes::419501.0.obj, 1
default::meshes::385557.0.obj, 1
default::meshes::400846.0.obj, 1
default::meshes::362637.0.obj, 1
default::meshes::282998.obj, 1
default::meshes::268881.0.obj, 1
default::meshes::268881.obj, 1
default::meshes::298597.0.obj, 1
default::meshes::293395.0.obj, 1
default::meshes::278385.0.obj, 1
default::meshes::278385.obj, 1
default::meshes::275939.obj, 1
default::meshes::275939.0.obj, 1
default::meshes::213379.obj, 1
default::meshes::271219.obj, 1
default::meshes::271219.0.obj, 1
default::meshes::268035.0.obj, 1
default::meshes::268035.obj, 1
default::meshes::329350.0.obj, 1
default::meshes::352859.0.obj, 1
default::meshes::230133.obj, 1
default::meshes::221104.obj, 1
default::meshes::221104.0.obj, 1
default::meshes::389452.0.obj, 1
default::meshes::456460.0.obj, 1
default::meshes::410311.0.obj, 1
default::meshes::371136.0.obj, 1
default::meshes::389281.0.obj, 1
default::meshes::376944.0.obj, 1
default::meshes::377858.0.obj, 1
default::meshes::340097.0.obj, 1
default::meshes::335977.0.obj, 1
default::meshes::333834.0.obj, 1
default::meshes::374033.0.obj, 1
default::meshes::384090.0.obj, 1
default::meshes::377600.0.obj, 1
default::meshes::399294.0.obj, 1
default::meshes::386301.0.obj, 1
default::meshes::450430.0.obj, 1
default::meshes::452910.0.obj, 1
default::meshes::415681.0.obj, 1
default::meshes::396655.0.obj, 1
default::meshes::386689.0.obj, 1
default::meshes::395166.0.obj, 1
default::meshes::257410.obj, 1
default::meshes::257410.0.obj, 1
default::meshes::266271.0.obj, 1
default::meshes::266271.obj, 1
default::meshes::303902.0.obj, 1
default::meshes::371849.0.obj, 1
default::meshes::371846.0.obj, 1
default::meshes::377654.0.obj, 1
default::meshes::372494.0.obj, 1
default::meshes::363051.0.obj, 1
default::meshes::341291.0.obj, 1
default::meshes::365074.0.obj, 1
default::meshes::405780.0.obj, 1
default::meshes::363708.0.obj, 1
default::meshes::449498.0.obj, 1
default::meshes::463107.0.obj, 1
default::meshes::413308.0.obj, 4
default::meshes::412566.0.obj, 4
default::meshes::404231.0.obj, 4
default::meshes::410322.0.obj, 4
default::meshes::83075.obj, 4
default::meshes::73944.obj, 4
default::meshes::38828.obj, 1
default::meshes::323610.0.obj, 1
default::meshes::90116.obj, 1
default::meshes::196553.obj, 1
default::meshes::174460.obj, 1
default::meshes::224420.obj, 1
default::meshes::224420.0.obj, 1
default::meshes::197529.obj, 1
default::meshes::192416.obj, 1
default::meshes::152172.obj, 1
default::meshes::192109.obj, 1
default::meshes::99886.obj, 1
default::meshes::101563.obj, 1
default::meshes::80576.obj, 1
default::meshes::79525.obj, 1
default::meshes::89131.obj, 1
default::meshes::129567.obj, 1
default::meshes::118316.obj, 1
default::meshes::118948.obj, 1
default::meshes::114262.obj, 1
default::meshes::116277.obj, 1
default::meshes::129948.obj, 1
default::meshes::112903.obj, 1
default::meshes::103235.obj, 1
default::meshes::93505.obj, 1
default::meshes::38404.obj, 1
default::meshes::40118.obj, 1
default::meshes::385.obj, 4
default::meshes::500.obj, 4
default::meshes::63082.obj, 1
default::meshes::397.obj, 2
default::meshes::64314.obj, 2
default::meshes::3023.obj, 2
default::meshes::17610.obj, 2
default::meshes::3300.obj, 4
default::meshes::3145.obj, 4
default::meshes::37092.obj, 1
default::meshes::105140.obj, 1
default::meshes::3438.obj, 1
default::meshes::3473.obj, 1
default::meshes::3339.obj, 1
default::meshes::36224.obj, 1
default::meshes::107639.obj, 1
default::meshes::21765.obj, 3
default::meshes::36295.obj, 4
default::meshes::26028.obj, 4
default::meshes::28107.obj, 4
default::meshes::38296.obj, 4
default::meshes::34024.obj, 4
default::meshes::20331.obj, 4
default::meshes::21210.obj, 4
default::meshes::51592.obj, 4
default::meshes::60519.obj, 4
default::meshes::45478.obj, 4
default::meshes::65032.obj, 4
default::meshes::3315.obj, 4
default::meshes::3278.obj, 4
default::meshes::3289.obj, 4
default::meshes::3280.obj, 4
default::meshes::58852.obj, 2
default::meshes::61754.obj, 2
default::meshes::57243.obj, 2
default::meshes::46199.obj, 2
default::meshes::54329.obj, 2
default::meshes::57179.obj, 2
default::meshes::51907.obj, 4
default::meshes::34464.obj, 4
default::meshes::54309.obj, 4
default::meshes::24675.obj, 2
default::meshes::62558.obj, 2
default::meshes::66625.obj, 2
default::meshes::8446.obj, 2
default::meshes::48339.obj, 2
default::meshes::57700.obj, 2
default::meshes::379773.0.obj, 4
default::meshes::385441.0.obj, 4
default::meshes::192339.obj, 4
default::meshes::166.obj, 4
default::meshes::90.obj, 4
default::meshes::204.obj, 4
default::meshes::113.obj, 4
default::meshes::184146.obj, 4
default::meshes::230.obj, 4
default::meshes::184.obj, 4
default::meshes::384351.0.obj, 4
default::meshes::380117.0.obj, 4
default::meshes::392363.0.obj, 4
default::meshes::404583.0.obj, 4
default::meshes::420317.0.obj, 4
default::meshes::376259.0.obj, 4
default::meshes::66327.obj, 4
default::meshes::222.obj, 4
default::meshes::219750.obj, 1
default::meshes::267860.obj, 1
default::meshes::165.obj, 2
default::meshes::296.obj, 2
default::meshes::360.obj, 2
default::meshes::314068.0.obj, 2
default::meshes::69070.obj, 2
default::meshes::13.obj, 2
default::meshes::220142.obj, 2
default::meshes::220142.0.obj, 2
default::meshes::175683.obj, 2
default::meshes::71.obj, 2
default::meshes::314073.0.obj, 2
default::meshes::284.obj, 4
default::meshes::323264.0.obj, 2
default::meshes::230974.obj, 2
default::meshes::430986.0.obj, 2
default::meshes::390840.0.obj, 2
default::meshes::333808.0.obj, 2
default::meshes::310703.0.obj, 2
default::meshes::321386.0.obj, 2
default::meshes::438231.0.obj, 4
default::meshes::410452.0.obj, 4
default::meshes::416130.0.obj, 4
default::meshes::453567.0.obj, 4
default::meshes::449993.0.obj, 2
default::meshes::433974.0.obj, 2
default::meshes::450966.0.obj, 2
default::meshes::336713.0.obj, 2
default::meshes::420513.0.obj, 2
default::meshes::444059.0.obj, 2
default::meshes::450981.0.obj, 2
default::meshes::427786.0.obj, 2
default::meshes::406883.0.obj, 2
default::meshes::444493.0.obj, 2
default::meshes::402467.0.obj, 2
default::meshes::376757.0.obj, 2
default::meshes::397482.0.obj, 2
default::meshes::389420.0.obj, 4
default::meshes::439953.0.obj, 4
default::meshes::404752.0.obj, 4
default::meshes::428168.0.obj, 2
default::meshes::434365.0.obj, 2
default::meshes::424976.0.obj, 2
default::meshes::429041.0.obj, 2
default::meshes::403636.0.obj, 2
default::meshes::396401.0.obj, 2
default::meshes::431478.0.obj, 2
default::meshes::437344.0.obj, 2
default::meshes::444020.0.obj, 2
default::meshes::416887.0.obj, 4
default::meshes::409657.0.obj, 4
default::meshes::458910.0.obj, 4
default::meshes::446839.0.obj, 4
default::meshes::462063.0.obj, 4
default::meshes::254665.obj, 1
default::meshes::254665.0.obj, 1
default::meshes::256580.obj, 1
default::meshes::255459.obj, 1
default::meshes::255459.0.obj, 1
default::meshes::231769.obj, 2
default::meshes::190361.obj, 2
default::meshes::241070.0.obj, 2
default::meshes::241070.obj, 2
default::meshes::201456.obj, 2
default::meshes::239678.0.obj, 2
default::meshes::239678.obj, 2
default::meshes::219525.0.obj, 2
default::meshes::219525.obj, 2
default::meshes::239669.obj, 2
default::meshes::239669.0.obj, 2
default::meshes::180290.obj, 2
default::meshes::225999.obj, 2
default::meshes::166152.obj, 2
default::meshes::225999.0.obj, 2
default::meshes::218331.obj, 2
default::meshes::213391.obj, 2
default::meshes::231116.0.obj, 2
default::meshes::231116.obj, 2
default::meshes::213401.obj, 4
default::meshes::218341.0.obj, 4
default::meshes::218341.obj, 4
default::meshes::228238.obj, 4
default::meshes::228238.0.obj, 4
default::meshes::234920.0.obj, 2
default::meshes::234920.obj, 2
default::meshes::213801.obj, 2
default::meshes::218779.obj, 2
default::meshes::210272.obj, 2
default::meshes::228237.obj, 2
default::meshes::201486.obj, 4
default::meshes::220711.obj, 2
default::meshes::236301.0.obj, 2
default::meshes::236301.obj, 2
default::meshes::250295.0.obj, 2
default::meshes::250295.obj, 2
default::meshes::214562.obj, 4
default::meshes::208047.obj, 4
default::meshes::202562.obj, 4
default::meshes::202554.obj, 4
default::meshes::222930.obj, 2
default::meshes::236289.obj, 2
default::meshes::244615.obj, 2
default::meshes::262669.obj, 2
default::meshes::251734.obj, 2
default::meshes::251734.0.obj, 2
default::meshes::244290.obj, 2
default::meshes::248804.obj, 2
default::meshes::248804.0.obj, 2
default::meshes::234922.obj, 2
default::meshes::199718.obj, 2
default::meshes::220710.obj, 2
default::meshes::220710.0.obj, 2
default::meshes::207346.obj, 2
default::meshes::181331.obj, 2
default::meshes::200049.obj, 4
default::meshes::207350.obj, 4
default::meshes::192163.obj, 3
default::meshes::195246.obj, 2
default::meshes::226733.obj, 2
default::meshes::201433.obj, 2
default::meshes::235925.obj, 2
default::meshes::234577.obj, 2
default::meshes::221054.obj, 2
default::meshes::222522.0.obj, 2
default::meshes::222522.obj, 2
default::meshes::195230.obj, 2
default::meshes::207673.obj, 2
default::meshes::214536.obj, 2
default::meshes::204405.obj, 2
default::meshes::178564.obj, 2
default::meshes::241461.obj, 2
default::meshes::229348.obj, 2
default::meshes::199262.obj, 2
default::meshes::235935.0.obj, 2
default::meshes::235935.obj, 2
default::meshes::203663.obj, 2
default::meshes::201480.obj, 2
default::meshes::200786.obj, 2
default::meshes::167655.obj, 4
default::meshes::250336.obj, 2
default::meshes::250336.0.obj, 2
default::meshes::227104.0.obj, 2
default::meshes::227104.obj, 2
default::meshes::175845.obj, 2
default::meshes::2372.obj, 2
default::meshes::36521.obj, 2
default::meshes::2283.obj, 2
default::meshes::264915.obj, 2
default::meshes::264915.0.obj, 2
default::meshes::256653.0.obj, 2
default::meshes::256653.obj, 2
default::meshes::268032.obj, 2
default::meshes::2396.obj, 2
default::meshes::179596.obj, 2
default::meshes::263856.obj, 1
default::meshes::305337.0.obj, 1
default::meshes::169521.obj, 2
default::meshes::94367.obj, 2
default::meshes::2405.obj, 2
default::meshes::324582.0.obj, 2
default::meshes::325603.0.obj, 2
default::meshes::166946.obj, 2
default::meshes::232170.0.obj, 2
default::meshes::232170.obj, 2
default::meshes::2510.obj, 2
default::meshes::2451.obj, 2
default::meshes::249952.0.obj, 2
default::meshes::249952.obj, 2
default::meshes::190770.obj, 2
default::meshes::189355.obj, 2
default::meshes::249562.obj, 2
default::meshes::249562.0.obj, 2
default::meshes::2328.obj, 2
default::meshes::84431.obj, 2
default::meshes::254738.0.obj, 2
default::meshes::254738.obj, 2
default::meshes::2419.obj, 2
default::meshes::93091.obj, 4
default::meshes::81622.obj, 4
default::meshes::114848.obj, 4
default::meshes::107604.obj, 4
default::meshes::131401.obj, 4
default::meshes::122197.obj, 4
default::meshes::136454.obj, 4
default::meshes::150967.obj, 4
default::meshes::173211.obj, 4
default::meshes::158993.obj, 4
default::meshes::172537.obj, 4
default::meshes::151314.obj, 4
default::meshes::161569.obj, 4
default::meshes::136447.obj, 4
default::meshes::247520.obj, 4
default::meshes::227230.0.obj, 4
default::meshes::227230.obj, 4
default::meshes::231250.obj, 4
default::meshes::231250.0.obj, 4
default::meshes::248950.0.obj, 4
default::meshes::248950.obj, 4
default::meshes::261252.obj, 4
default::meshes::270258.0.obj, 4
default::meshes::270258.obj, 4
default::meshes::203382.obj, 4
default::meshes::220837.obj, 4
default::meshes::220837.0.obj, 4
default::meshes::210407.obj, 4
default::meshes::207096.obj, 4
default::meshes::188034.obj, 4
default::meshes::191230.obj, 4
default::meshes::166654.obj, 4
default::meshes::59312.obj, 4
default::meshes::62597.obj, 4
default::meshes::38805.obj, 4
default::meshes::14640.obj, 4
default::meshes::49642.obj, 4
default::meshes::49632.obj, 4
default::meshes::37087.obj, 4
default::meshes::44154.obj, 4
default::meshes::5514.obj, 4
default::meshes::3405.obj, 4
default::meshes::3443.obj, 4
default::meshes::7515.obj, 4
default::meshes::3477.obj, 4
default::meshes::3569.obj, 4
default::meshes::3532.obj, 4
default::meshes::3391.obj, 4
default::meshes::3455.obj, 4
default::meshes::3393.obj, 4
default::meshes::3341.obj, 4
default::meshes::3395.obj, 4
default::meshes::3359.obj, 4
default::meshes::3328.obj, 4
default::meshes::3308.obj, 4
default::meshes::3290.obj, 4
default::meshes::3309.obj, 4
default::meshes::2236.obj, 4
default::meshes::2970.obj, 2
default::meshes::2908.obj, 2
default::meshes::2957.obj, 2
default::meshes::2916.obj, 2
default::meshes::2963.obj, 2
default::meshes::3034.obj, 2
default::meshes::3104.obj, 2
default::meshes::3030.obj, 2
default::meshes::3132.obj, 4
default::meshes::2883.obj, 4
default::meshes::3190.obj, 4
default::meshes::3107.obj, 4
default::meshes::3286.obj, 4
default::meshes::3159.obj, 4
default::meshes::3167.obj, 4
default::meshes::2862.obj, 4
default::meshes::2974.obj, 4
default::meshes::2803.obj, 4
default::meshes::2680.obj, 4
default::meshes::3478.obj, 4
default::meshes::7423.obj, 2
default::meshes::3779.obj, 2
default::meshes::19868.obj, 2
default::meshes::4287.obj, 4
default::meshes::14536.obj, 4
default::meshes::10391.obj, 2
default::meshes::24287.obj, 2
default::meshes::9576.obj, 2
default::meshes::8096.obj, 2
default::meshes::3398.obj, 2
default::meshes::3459.obj, 2
default::meshes::3594.obj, 2
default::meshes::3634.obj, 2
default::meshes::3524.obj, 2
default::meshes::3799.obj, 2
default::meshes::26495.obj, 2
default::meshes::24282.obj, 2
default::meshes::29450.obj, 2
default::meshes::29533.obj, 2
default::meshes::2633.obj, 2
default::meshes::11743.obj, 2
default::meshes::65396.obj, 1
default::meshes::3111.obj, 1
default::meshes::3722.obj, 1
default::meshes::3792.obj, 1
default::meshes::3759.obj, 1
default::meshes::9955.obj, 1
default::meshes::2594.obj, 1
default::meshes::37912.obj, 1
default::meshes::3369.obj, 1
default::meshes::23408.obj, 2
default::meshes::26522.obj, 2
default::meshes::92095.obj, 2
default::meshes::30706.obj, 2
default::meshes::15004.obj, 2
default::meshes::31126.obj, 2
default::meshes::20358.obj, 2
default::meshes::31494.obj, 2
default::meshes::403613.0.obj, 1
